start_epoch,end_epoch,direction,window_id,model
1817074800,1817108700,NEUTRAL,C2-1817074800-NEUTRAL,CEBONK_C2_WEB_V1_35ce78b4
1817108700,1817109000,TRANSITION,C2-1817108700-TRANSITION,CEBONK_C2_WEB_V1_35ce78b4
1817109000,1817116800,NEUTRAL,C2-1817109000-NEUTRAL,CEBONK_C2_WEB_V1_35ce78b4
1817116800,1817122500,BUY,C2-1817116800-BUY,CEBONK_C2_WEB_V1_35ce78b4
1817122500,1817132700,NEUTRAL,C2-1817122500-NEUTRAL,CEBONK_C2_WEB_V1_35ce78b4
1817132700,1817133000,TRANSITION,C2-1817132700-TRANSITION,CEBONK_C2_WEB_V1_35ce78b4
1817133000,1817135400,NEUTRAL,C2-1817133000-NEUTRAL,CEBONK_C2_WEB_V1_35ce78b4
1817135400,1817135700,BUY,C2-1817135400-BUY,CEBONK_C2_WEB_V1_35ce78b4
1817135700,1817138100,NEUTRAL,C2-1817135700-NEUTRAL,CEBONK_C2_WEB_V1_35ce78b4
1817138100,1817139600,BUY,C2-1817138100-BUY,CEBONK_C2_WEB_V1_35ce78b4
1817161200,1817226000,BUY,C2-1817161200-BUY,CEBONK_C2_WEB_V1_35ce78b4
1817247600,1817312400,BUY,C2-1817247600-BUY,CEBONK_C2_WEB_V1_35ce78b4
1817334000,1817398800,BUY,C2-1817334000-BUY,CEBONK_C2_WEB_V1_35ce78b4
1817420400,1817485200,BUY,C2-1817420400-BUY,CEBONK_C2_WEB_V1_35ce78b4
1817506800,1817571600,BUY,C2-1817506800-BUY,CEBONK_C2_WEB_V1_35ce78b4
1817593200,1817658000,BUY,C2-1817593200-BUY,CEBONK_C2_WEB_V1_35ce78b4
1817679600,1817744400,BUY,C2-1817679600-BUY,CEBONK_C2_WEB_V1_35ce78b4
1817766000,1817778300,BUY,C2-1817766000-BUY,CEBONK_C2_WEB_V1_35ce78b4
1817778300,1817782200,NEUTRAL,C2-1817778300-NEUTRAL,CEBONK_C2_WEB_V1_35ce78b4
1817782200,1817782500,TRANSITION,C2-1817782200-TRANSITION,CEBONK_C2_WEB_V1_35ce78b4
1817782500,1817787900,NEUTRAL,C2-1817782500-NEUTRAL,CEBONK_C2_WEB_V1_35ce78b4
1817787900,1817830800,BUY,C2-1817787900-BUY,CEBONK_C2_WEB_V1_35ce78b4
1817852400,1817917200,BUY,C2-1817852400-BUY,CEBONK_C2_WEB_V1_35ce78b4
1817938800,1818003600,BUY,C2-1817938800-BUY,CEBONK_C2_WEB_V1_35ce78b4
1818025200,1818090000,BUY,C2-1818025200-BUY,CEBONK_C2_WEB_V1_35ce78b4
1818111600,1818176400,BUY,C2-1818111600-BUY,CEBONK_C2_WEB_V1_35ce78b4
1818198000,1818214200,BUY,C2-1818198000-BUY,CEBONK_C2_WEB_V1_35ce78b4
1818214200,1818223200,NEUTRAL,C2-1818214200-NEUTRAL,CEBONK_C2_WEB_V1_35ce78b4
1818223200,1818223500,TRANSITION,C2-1818223200-TRANSITION,CEBONK_C2_WEB_V1_35ce78b4
1818223500,1818230400,NEUTRAL,C2-1818223500-NEUTRAL,CEBONK_C2_WEB_V1_35ce78b4
1818230400,1818262800,BUY,C2-1818230400-BUY,CEBONK_C2_WEB_V1_35ce78b4
1818284400,1818284700,BUY,C2-1818284400-BUY,CEBONK_C2_WEB_V1_35ce78b4
1818284700,1818295500,NEUTRAL,C2-1818284700-NEUTRAL,CEBONK_C2_WEB_V1_35ce78b4
1818295500,1818295800,TRANSITION,C2-1818295500-TRANSITION,CEBONK_C2_WEB_V1_35ce78b4
1818295800,1818303600,NEUTRAL,C2-1818295800-NEUTRAL,CEBONK_C2_WEB_V1_35ce78b4
1818303600,1818349200,BUY,C2-1818303600-BUY,CEBONK_C2_WEB_V1_35ce78b4
1818370800,1818435600,BUY,C2-1818370800-BUY,CEBONK_C2_WEB_V1_35ce78b4
1818457200,1818471000,BUY,C2-1818457200-BUY,CEBONK_C2_WEB_V1_35ce78b4
1818471000,1818483600,NEUTRAL,C2-1818471000-NEUTRAL,CEBONK_C2_WEB_V1_35ce78b4
1818483600,1818501600,SELL,C2-1818483600-SELL,CEBONK_C2_WEB_V1_35ce78b4
1818501600,1818507900,NEUTRAL,C2-1818501600-NEUTRAL,CEBONK_C2_WEB_V1_35ce78b4
1818507900,1818522000,BUY,C2-1818507900-BUY,CEBONK_C2_WEB_V1_35ce78b4
1818543600,1818547500,NEUTRAL,C2-1818543600-NEUTRAL,CEBONK_C2_WEB_V1_35ce78b4
1818547500,1818550200,BUY,C2-1818547500-BUY,CEBONK_C2_WEB_V1_35ce78b4
1818550200,1818564900,NEUTRAL,C2-1818550200-NEUTRAL,CEBONK_C2_WEB_V1_35ce78b4
1818564900,1818565500,SELL,C2-1818564900-SELL,CEBONK_C2_WEB_V1_35ce78b4
1818565500,1818565800,TRANSITION,C2-1818565500-TRANSITION,CEBONK_C2_WEB_V1_35ce78b4
1818565800,1818573600,NEUTRAL,C2-1818565800-NEUTRAL,CEBONK_C2_WEB_V1_35ce78b4
1818573600,1818599400,BUY,C2-1818573600-BUY,CEBONK_C2_WEB_V1_35ce78b4
1818599400,1818600000,NEUTRAL,C2-1818599400-NEUTRAL,CEBONK_C2_WEB_V1_35ce78b4
1818600000,1818608400,BUY,C2-1818600000-BUY,CEBONK_C2_WEB_V1_35ce78b4
1818630000,1818694800,BUY,C2-1818630000-BUY,CEBONK_C2_WEB_V1_35ce78b4
1818716400,1818781200,BUY,C2-1818716400-BUY,CEBONK_C2_WEB_V1_35ce78b4
1818802800,1818867600,BUY,C2-1818802800-BUY,CEBONK_C2_WEB_V1_35ce78b4
1818889200,1818901200,NEUTRAL,C2-1818889200-NEUTRAL,CEBONK_C2_WEB_V1_35ce78b4
1818901200,1818906000,SELL,C2-1818901200-SELL,CEBONK_C2_WEB_V1_35ce78b4
1818906000,1818940800,NEUTRAL,C2-1818906000-NEUTRAL,CEBONK_C2_WEB_V1_35ce78b4
1818940800,1818954000,BUY,C2-1818940800-BUY,CEBONK_C2_WEB_V1_35ce78b4
1818975600,1818976500,BUY,C2-1818975600-BUY,CEBONK_C2_WEB_V1_35ce78b4
1818976500,1818989400,NEUTRAL,C2-1818976500-NEUTRAL,CEBONK_C2_WEB_V1_35ce78b4
1818989400,1818989700,TRANSITION,C2-1818989400-TRANSITION,CEBONK_C2_WEB_V1_35ce78b4
1818989700,1818990600,NEUTRAL,C2-1818989700-NEUTRAL,CEBONK_C2_WEB_V1_35ce78b4
1818990600,1818996300,BUY,C2-1818990600-BUY,CEBONK_C2_WEB_V1_35ce78b4
1818996300,1819023600,NEUTRAL,C2-1818996300-NEUTRAL,CEBONK_C2_WEB_V1_35ce78b4
1819023600,1819039500,BUY,C2-1819023600-BUY,CEBONK_C2_WEB_V1_35ce78b4
1819039500,1819040400,NEUTRAL,C2-1819039500-NEUTRAL,CEBONK_C2_WEB_V1_35ce78b4
1819062000,1819098600,NEUTRAL,C2-1819062000-NEUTRAL,CEBONK_C2_WEB_V1_35ce78b4
1819098600,1819126800,BUY,C2-1819098600-BUY,CEBONK_C2_WEB_V1_35ce78b4
1819148400,1819152600,BUY,C2-1819148400-BUY,CEBONK_C2_WEB_V1_35ce78b4
1819152600,1819161300,NEUTRAL,C2-1819152600-NEUTRAL,CEBONK_C2_WEB_V1_35ce78b4
1819161300,1819161600,TRANSITION,C2-1819161300-TRANSITION,CEBONK_C2_WEB_V1_35ce78b4
1819161600,1819166700,NEUTRAL,C2-1819161600-NEUTRAL,CEBONK_C2_WEB_V1_35ce78b4
1819166700,1819185900,BUY,C2-1819166700-BUY,CEBONK_C2_WEB_V1_35ce78b4
1819185900,1819186500,NEUTRAL,C2-1819185900-NEUTRAL,CEBONK_C2_WEB_V1_35ce78b4
1819186500,1819189500,BUY,C2-1819186500-BUY,CEBONK_C2_WEB_V1_35ce78b4
1819189500,1819191300,NEUTRAL,C2-1819189500-NEUTRAL,CEBONK_C2_WEB_V1_35ce78b4
1819191300,1819191600,TRANSITION,C2-1819191300-TRANSITION,CEBONK_C2_WEB_V1_35ce78b4
1819191600,1819192500,NEUTRAL,C2-1819191600-NEUTRAL,CEBONK_C2_WEB_V1_35ce78b4
1819192500,1819213200,BUY,C2-1819192500-BUY,CEBONK_C2_WEB_V1_35ce78b4
1819234800,1819299600,BUY,C2-1819234800-BUY,CEBONK_C2_WEB_V1_35ce78b4
1819321200,1819332000,BUY,C2-1819321200-BUY,CEBONK_C2_WEB_V1_35ce78b4
1819332000,1819355400,NEUTRAL,C2-1819332000-NEUTRAL,CEBONK_C2_WEB_V1_35ce78b4
1819355400,1819362300,BUY,C2-1819355400-BUY,CEBONK_C2_WEB_V1_35ce78b4
1819362300,1819378500,NEUTRAL,C2-1819362300-NEUTRAL,CEBONK_C2_WEB_V1_35ce78b4
1819378500,1819378800,BUY,C2-1819378500-BUY,CEBONK_C2_WEB_V1_35ce78b4
1819378800,1819379100,TRANSITION,C2-1819378800-TRANSITION,CEBONK_C2_WEB_V1_35ce78b4
1819379100,1819386000,NEUTRAL,C2-1819379100-NEUTRAL,CEBONK_C2_WEB_V1_35ce78b4
1819407600,1819472400,SELL,C2-1819407600-SELL,CEBONK_C2_WEB_V1_35ce78b4
1819494000,1819548900,SELL,C2-1819494000-SELL,CEBONK_C2_WEB_V1_35ce78b4
1819548900,1819558800,NEUTRAL,C2-1819548900-NEUTRAL,CEBONK_C2_WEB_V1_35ce78b4
1819580400,1819615800,NEUTRAL,C2-1819580400-NEUTRAL,CEBONK_C2_WEB_V1_35ce78b4
1819615800,1819645200,BUY,C2-1819615800-BUY,CEBONK_C2_WEB_V1_35ce78b4
1819666800,1819731600,BUY,C2-1819666800-BUY,CEBONK_C2_WEB_V1_35ce78b4
